method,true_cv,n1,upper_limit,published_percent
TSD-1,0.2,12,62,3.80
TSD-1,0.2,12,100,4.09
TSD-1,0.2,12,150,4.27
TSD-1,0.2,12,500,4.66
TSD-1,0.2,24,62,3.09
TSD-1,0.2,24,100,3.58
TSD-1,0.2,24,150,3.89
TSD-1,0.2,24,500,4.47
TSD-1,0.2,36,62,2.81
TSD-1,0.2,36,100,3.18
TSD-1,0.2,36,150,3.56
TSD-1,0.2,36,500,4.29
TSD-1,0.2,60,62,2.81
TSD-1,0.2,60,100,2.81
TSD-1,0.2,60,150,3.03
TSD-1,0.2,60,500,4.07
TSD-1,0.4,12,62,1.01
TSD-1,0.4,12,100,1.46
TSD-1,0.4,12,150,1.75
TSD-1,0.4,12,500,2.25
TSD-1,0.4,24,62,1.82
TSD-1,0.4,24,100,2.48
TSD-1,0.4,24,150,2.79
TSD-1,0.4,24,500,3.41
TSD-1,0.4,36,62,2.61
TSD-1,0.4,36,100,3.03
TSD-1,0.4,36,150,3.44
TSD-1,0.4,36,500,4.16
TSD-1,0.4,60,62,2.81
TSD-1,0.4,60,100,2.81
TSD-1,0.4,60,150,3.03
TSD-1,0.4,60,500,4.07
TSD-1,0.6,12,62,0.08
TSD-1,0.6,12,100,0.28
TSD-1,0.6,12,150,0.55
TSD-1,0.6,12,500,1.20
TSD-1,0.6,24,62,0.09
TSD-1,0.6,24,100,0.35
TSD-1,0.6,24,150,0.78
TSD-1,0.6,24,500,1.64
TSD-1,0.6,36,62,0.29
TSD-1,0.6,36,100,0.56
TSD-1,0.6,36,150,1.10
TSD-1,0.6,36,500,2.06
TSD-1,0.6,60,62,2.09
TSD-1,0.6,60,100,2.09
TSD-1,0.6,60,150,2.39
TSD-1,0.6,60,500,3.56
TSD-2,0.2,12,62,3.95
TSD-2,0.2,12,100,4.25
TSD-2,0.2,12,150,4.46
TSD-2,0.2,12,500,4.90
TSD-2,0.2,24,62,3.23
TSD-2,0.2,24,100,3.70
TSD-2,0.2,24,150,4.06
TSD-2,0.2,24,500,4.67
TSD-2,0.2,36,62,2.95
TSD-2,0.2,36,100,3.34
TSD-2,0.2,36,150,3.71
TSD-2,0.2,36,500,4.47
TSD-2,0.2,60,62,2.95
TSD-2,0.2,60,100,2.95
TSD-2,0.2,60,150,3.18
TSD-2,0.2,60,500,4.21
TSD-2,0.4,12,62,1.08
TSD-2,0.4,12,100,1.55
TSD-2,0.4,12,150,1.86
TSD-2,0.4,12,500,2.37
TSD-2,0.4,24,62,1.97
TSD-2,0.4,24,100,2.60
TSD-2,0.4,24,150,2.99
TSD-2,0.4,24,500,3.62
TSD-2,0.4,36,62,2.77
TSD-2,0.4,36,100,3.22
TSD-2,0.4,36,150,3.59
TSD-2,0.4,36,500,4.38
TSD-2,0.4,60,62,2.95
TSD-2,0.4,60,100,2.95
TSD-2,0.4,60,150,3.18
TSD-2,0.4,60,500,4.21
TSD-2,0.6,12,62,0.09
TSD-2,0.6,12,100,0.30
TSD-2,0.6,12,150,0.60
TSD-2,0.6,12,500,1.27
TSD-2,0.6,24,62,0.10
TSD-2,0.6,24,100,0.39
TSD-2,0.6,24,150,0.86
TSD-2,0.6,24,500,1.74
TSD-2,0.6,36,62,0.35
TSD-2,0.6,36,100,0.61
TSD-2,0.6,36,150,1.24
TSD-2,0.6,36,500,2.22
TSD-2,0.6,60,62,2.26
TSD-2,0.6,60,100,2.26
TSD-2,0.6,60,150,2.57
TSD-2,0.6,60,500,3.75
